Address;Url;Area;Price
Mitre 1035;https://www.zonaprop.com.ar/propiedades/oportunidad.-planta-baja-con-patios-en-microcentro-de-49766818.html;83 m²;USD 72.000
La Cumbre 1430;https://www.zonaprop.com.ar/propiedades/casa-amplia-en-zona-norte-apto-credito-52699571.html;184 m²;USD 85.000
Sarmiento 400;https://www.zonaprop.com.ar/propiedades/retasado-excelente-propiedad-con-oficina-47855730.html;180 m²;USD 230.000
Salta 1100;https://www.zonaprop.com.ar/propiedades/piso-exclusivo-con-vista-franca-al-rio-52571177.html;190 m²;Consultar precio
San Lorenzo 5437;https://www.zonaprop.com.ar/propiedades/casa-4-dorm.-excelente-propiedad-50524842.html;150 m²;USD 100.000
Ayacucho 1900;https://www.zonaprop.com.ar/propiedades/dueno-vende-casa-pasillo-permutaria-3-dorm-c-2-51704390.html;280 m²;USD 125.000
;https://www.zonaprop.com.ar/propiedades/dueno-vende-departamento-3-dorm.-pichincha-51871730.html;88 m²;USD 165.000
FORMOSA 60, Rosario, Santa Fe, Argentina.;https://www.zonaprop.com.ar/propiedades/casa-en-venta-con-local-comercial-zona-centro-51840831.html;166 m²;USD 77.000
Pasco Bis 169;https://www.zonaprop.com.ar/propiedades/casa-con-local-y-amplio-terreno-gran-oportunidad-de-52071540.html;300 m²;USD 55.000
Catamarca 1271;https://www.zonaprop.com.ar/propiedades/catamarca-1271-piso-7-49695271.html;155 m²;USD 225.000
Sarmiento 1588, Rosario, Santa Fe, Argentina.;https://www.zonaprop.com.ar/propiedades/departamento-en-venta-51862770.html;97 m²;USD 230.000
Cernjak 1388, Rosario, Santa Fe, Argentina.;https://www.zonaprop.com.ar/propiedades/casa-en-venta-51840751.html;577 m²;USD 65.000
Rosario;https://www.zonaprop.com.ar/propiedades/departamentos-en-un-solo-terreno-51900313.html;229 m²;USD 120.000
MUC;https://www.zonaprop.com.ar/propiedades/vendo-casa-araoz-817-rosario.-52684218.html;165 m²;USD 134.000
Presidente Roca & Rioja;https://www.zonaprop.com.ar/propiedades/consultar-precio.-piso-exclusivo-4-dorm.-microcentro-50460945.html;166 m²;Consultar precio
García del Cossio 2198 Bis;https://www.zonaprop.com.ar/propiedades/hermosa-casa-en-country-palos-verdes-rosario-51464954.html;345 m²;USD 600.000
Mejico 152;https://www.zonaprop.com.ar/propiedades/vendo-o-permuto-casa-48015000.html;100 m²;USD 39.000
Sarmiento 2500;https://www.zonaprop.com.ar/propiedades/casa-de-estilo-venta-abasto.-3-dorm.-patio-terraza-y-52772689.html;246 m²;USD 275.000
Mitre 1062;https://www.zonaprop.com.ar/propiedades/departamento-52743848.html;170 m²;$ 200.000
Cordoba 3192;https://www.zonaprop.com.ar/propiedades/hermoso-duplex-dos-dorm.-comodin-52445495.html;160 m²;USD 160.000
